<?xml version="1.0" ?><particulares><particular><Id_Particular>1</Id_Particular><Id_Venta>1</Id_Venta><DNI>123456789</DNI><NOMBRE>John Doe</NOMBRE><Telefono>-679</Telefono><Firma>Signature1</Firma><Direccion>Address1</Direccion><Fecha_Transaccion>2023-01-01</Fecha_Transaccion></particular><particular><Id_Particular>2</Id_Particular><Id_Venta>2</Id_Venta><DNI>987654321</DNI><NOMBRE>Jane Doe</NOMBRE><Telefono>-5123</Telefono><Firma>Signature2</Firma><Direccion>Address2</Direccion><Fecha_Transaccion>2023-02-01</Fecha_Transaccion></particular><particular><Id_Particular>3</Id_Particular><Id_Venta>3</Id_Venta><DNI>111223344</DNI><NOMBRE>Bob Smith</NOMBRE><Telefono>-3766</Telefono><Firma>Signature3</Firma><Direccion>Address3</Direccion><Fecha_Transaccion>2023-03-01</Fecha_Transaccion></particular><particular><Id_Particular>4</Id_Particular><Id_Venta>4</Id_Venta><DNI>999888777</DNI><NOMBRE>Alice Johnson</NOMBRE><Telefono>-8210</Telefono><Firma>Signature4</Firma><Direccion>Address4</Direccion><Fecha_Transaccion>2023-04-01</Fecha_Transaccion></particular><particular><Id_Particular>5</Id_Particular><Id_Venta>5</Id_Venta><DNI>444555666</DNI><NOMBRE>Eva White</NOMBRE><Telefono>-9321</Telefono><Firma>Signature5</Firma><Direccion>Address5</Direccion><Fecha_Transaccion>2023-05-01</Fecha_Transaccion></particular></particulares>